-- phpMyAdmin SQL Dump
-- version 5.1.1
-- https://www.phpmyadmin.net/
--
-- Host: 127.0.0.1
-- Generation Time: Jan 20, 2022 at 08:41 PM
-- Server version: 10.4.22-MariaDB
-- PHP Version: 8.1.1

SET SQL_MODE = "NO_AUTO_VALUE_ON_ZERO";
START TRANSACTION;
SET time_zone = "+00:00";


/*!40101 SET @OLD_CHARACTER_SET_CLIENT=@@CHARACTER_SET_CLIENT */;
/*!40101 SET @OLD_CHARACTER_SET_RESULTS=@@CHARACTER_SET_RESULTS */;
/*!40101 SET @OLD_COLLATION_CONNECTION=@@COLLATION_CONNECTION */;
/*!40101 SET NAMES utf8mb4 */;

--
-- Database: `app_wallpaper`
--

-- --------------------------------------------------------

--
-- Table structure for table `tbl_category`
--

CREATE TABLE `tbl_category` (
  `id_category` int(11) NOT NULL,
  `category_name` varchar(255) NOT NULL,
  `category_image` varchar(255) NOT NULL,
  `category_status` int(11) NOT NULL DEFAULT 0,
  `create_at` datetime(6) NOT NULL DEFAULT current_timestamp(6),
  `update_at` datetime(6) NOT NULL DEFAULT current_timestamp(6) ON UPDATE current_timestamp(6),
  `delete_at` datetime(6) DEFAULT NULL
) ENGINE=InnoDB DEFAULT CHARSET=utf8;

--
-- Dumping data for table `tbl_category`
--

INSERT INTO `tbl_category` (`id_category`, `category_name`, `category_image`, `category_status`, `create_at`, `update_at`, `delete_at`) VALUES
(1, 'Batman', 'batman.jpg', 1, '2022-01-14 22:53:12.334448', '2022-01-18 15:34:07.000000', NULL),
(2, 'Captain America', 'captain_america.jpg', 1, '2022-01-14 22:53:12.334448', '2022-01-15 17:51:11.421287', NULL),
(3, 'Superman', 'superman.jpg', 1, '2022-01-14 22:53:12.334448', '2022-01-15 17:51:19.485060', NULL),
(4, 'Thor', 'thor.jpg', 1, '2022-01-14 22:53:12.334448', '2022-01-15 17:51:23.617176', NULL),
(5, 'Iron Man', 'iron_man.png', 1, '2022-01-14 22:53:12.334448', '2022-01-15 17:51:32.514000', NULL),
(6, 'Wonder Woman', 'wonder_woman.png', 1, '2022-01-14 22:53:12.334448', '2022-01-15 17:51:42.310324', NULL),
(7, 'Flash', 'flash.jpg', 1, '2022-01-14 22:53:12.334448', '2022-01-15 17:51:50.016764', NULL),
(8, 'Spider Man', 'spider_man.jpg', 1, '2022-01-14 22:53:12.334448', '2022-01-15 17:52:01.373501', NULL),
(10, 'Wallpaper', 'https://via.placeholder.com/150', 0, '2022-01-20 20:22:22.010782', '2022-01-20 20:22:22.010782', NULL);

-- --------------------------------------------------------

--
-- Table structure for table `tbl_color`
--

CREATE TABLE `tbl_color` (
  `id_color` int(11) NOT NULL,
  `color_name` varchar(255) NOT NULL,
  `color_code` varchar(255) NOT NULL,
  `color_status` int(11) NOT NULL DEFAULT 0,
  `create_at` datetime(6) NOT NULL DEFAULT current_timestamp(6),
  `update_at` datetime(6) NOT NULL DEFAULT current_timestamp(6) ON UPDATE current_timestamp(6),
  `delete_at` datetime(6) DEFAULT NULL
) ENGINE=InnoDB DEFAULT CHARSET=utf8;

--
-- Dumping data for table `tbl_color`
--

INSERT INTO `tbl_color` (`id_color`, `color_name`, `color_code`, `color_status`, `create_at`, `update_at`, `delete_at`) VALUES
(1, 'AliceBlue', '#F0F8FF', 1, '2022-01-20 14:11:27.953866', '2022-01-20 14:11:27.953866', NULL),
(2, 'AntiqueWhite', '#FAEBD7', 1, '2022-01-20 14:11:27.953866', '2022-01-20 14:11:27.953866', NULL),
(3, 'Aquamarine', '#7FFFD4', 1, '2022-01-20 14:11:27.953866', '2022-01-20 14:11:27.953866', NULL),
(4, 'Azure', '#F0FFFF', 1, '2022-01-20 14:11:27.953866', '2022-01-20 14:11:27.953866', NULL),
(5, 'Beige', '#F5F5DC', 1, '2022-01-20 14:11:27.953866', '2022-01-20 14:11:27.953866', NULL),
(6, 'Bisque', '#FFE4C4', 1, '2022-01-20 14:11:27.953866', '2022-01-20 14:11:27.953866', NULL),
(7, 'Black', '#000000', 1, '2022-01-20 14:11:27.953866', '2022-01-20 14:11:27.953866', NULL),
(8, 'BlanchedAlmond', '#FFEBCD', 1, '2022-01-20 14:11:27.953866', '2022-01-20 14:11:27.953866', NULL),
(9, 'Blue', '#0000FF', 1, '2022-01-20 14:11:27.953866', '2022-01-20 14:11:27.953866', NULL),
(10, 'BlueViolet', '#8A2BE2', 1, '2022-01-20 14:11:27.953866', '2022-01-20 14:11:27.953866', NULL),
(11, 'Brown', '#A52A2A', 1, '2022-01-20 14:11:27.953866', '2022-01-20 14:11:27.953866', NULL),
(12, 'BurlyWood', '#DEB887', 1, '2022-01-20 14:11:27.953866', '2022-01-20 14:11:27.953866', NULL),
(13, 'CadetBlue', '#5F9EA0', 1, '2022-01-20 14:11:27.953866', '2022-01-20 14:11:27.953866', NULL),
(14, 'Chartreuse', '#7FFF00', 1, '2022-01-20 14:11:27.953866', '2022-01-20 14:11:27.953866', NULL),
(15, 'Chocolate', '#D2691E', 1, '2022-01-20 14:11:27.953866', '2022-01-20 14:11:27.953866', NULL),
(16, 'Coral', '#FF7F50', 1, '2022-01-20 14:11:27.953866', '2022-01-20 14:11:27.953866', NULL),
(17, 'CornflowerBlue', '#6495ED', 1, '2022-01-20 14:11:27.953866', '2022-01-20 14:11:27.953866', NULL),
(18, 'Cornsilk', '#FFF8DC', 1, '2022-01-20 14:11:27.953866', '2022-01-20 14:11:27.953866', NULL),
(19, 'Crimson', '#DC143C', 1, '2022-01-20 14:11:27.953866', '2022-01-20 14:11:27.953866', NULL),
(20, 'Cyan', '#00FFFF', 1, '2022-01-20 14:11:27.953866', '2022-01-20 14:11:27.953866', NULL),
(21, 'DarkBlue', '#00008B', 1, '2022-01-20 14:11:27.953866', '2022-01-20 14:11:27.953866', NULL),
(22, 'DarkCyan', '#008B8B', 1, '2022-01-20 14:11:27.953866', '2022-01-20 14:11:27.953866', NULL),
(23, 'DarkGoldenRod', '#B8860B', 1, '2022-01-20 14:11:27.953866', '2022-01-20 14:11:27.953866', NULL),
(24, 'DarkGreen', '#006400', 1, '2022-01-20 14:11:27.953866', '2022-01-20 14:11:27.953866', NULL),
(25, 'DarkGrey', '#A9A9A9', 1, '2022-01-20 14:11:27.953866', '2022-01-20 14:11:27.953866', NULL),
(26, 'DarkKhaki', '#BDB76B', 1, '2022-01-20 14:11:27.953866', '2022-01-20 14:11:27.953866', NULL),
(27, 'DarkMagenta', '#8B008B', 1, '2022-01-20 14:11:27.953866', '2022-01-20 14:11:27.953866', NULL),
(28, 'DarkOliveGreen', '#556B2F', 1, '2022-01-20 14:11:27.953866', '2022-01-20 14:11:27.953866', NULL),
(29, 'DarkOrange', '#FF8C00', 1, '2022-01-20 14:11:27.953866', '2022-01-20 14:11:27.953866', NULL),
(30, 'DarkOrchid', '#9932CC', 1, '2022-01-20 14:11:27.953866', '2022-01-20 14:11:27.953866', NULL),
(31, 'DarkRed', '#8B0000', 1, '2022-01-20 14:11:27.953866', '2022-01-20 14:11:27.953866', NULL),
(32, 'DarkSalmon', '#E9967A', 1, '2022-01-20 14:11:27.953866', '2022-01-20 14:11:27.953866', NULL),
(33, 'DarkSeaGreen', '#8FBC8F', 1, '2022-01-20 14:11:27.953866', '2022-01-20 14:11:27.953866', NULL),
(34, 'DarkSlateBlue', '#483D8B', 1, '2022-01-20 14:11:27.953866', '2022-01-20 14:11:27.953866', NULL),
(35, 'DarkSlateGrey', '#2F4F4F', 1, '2022-01-20 14:11:27.953866', '2022-01-20 14:11:27.953866', NULL),
(36, 'DarkTurquoise', '#00CED1', 1, '2022-01-20 14:11:27.953866', '2022-01-20 14:11:27.953866', NULL),
(37, 'DarkViolet', '#9400D3', 1, '2022-01-20 14:11:27.953866', '2022-01-20 14:11:27.953866', NULL),
(38, 'DeepPink', '#FF1493', 1, '2022-01-20 14:11:27.953866', '2022-01-20 14:11:27.953866', NULL),
(39, 'DeepSkyBlue', '#00BFFF', 1, '2022-01-20 14:11:27.953866', '2022-01-20 14:11:27.953866', NULL),
(40, 'DimGrey', '#696969', 1, '2022-01-20 14:11:27.953866', '2022-01-20 14:11:27.953866', NULL),
(41, 'DodgerBlue', '#1E90FF', 1, '2022-01-20 14:11:27.953866', '2022-01-20 14:11:27.953866', NULL),
(42, 'FireBrick', '#B22222', 1, '2022-01-20 14:11:27.953866', '2022-01-20 14:11:27.953866', NULL),
(43, 'FloralWhite', '#FFFAF0', 1, '2022-01-20 14:11:27.953866', '2022-01-20 14:11:27.953866', NULL),
(44, 'ForestGreen', '#228B22', 1, '2022-01-20 14:11:27.953866', '2022-01-20 14:11:27.953866', NULL),
(45, 'Gainsboro', '#DCDCDC', 1, '2022-01-20 14:11:27.953866', '2022-01-20 14:11:27.953866', NULL),
(46, 'GhostWhite', '#F8F8FF', 1, '2022-01-20 14:11:27.953866', '2022-01-20 14:11:27.953866', NULL),
(47, 'Gold', '#FFD700', 1, '2022-01-20 14:11:27.953866', '2022-01-20 14:11:27.953866', NULL),
(48, 'GoldenRod', '#DAA520', 1, '2022-01-20 14:11:27.953866', '2022-01-20 14:11:27.953866', NULL),
(49, 'Gray', '#808080', 1, '2022-01-20 14:11:27.953866', '2022-01-20 14:11:27.953866', NULL),
(50, 'Green', '#008000', 1, '2022-01-20 14:11:27.953866', '2022-01-20 14:11:27.953866', NULL),
(51, 'GreenYellow', '#ADFF2F', 1, '2022-01-20 14:11:27.953866', '2022-01-20 14:11:27.953866', NULL),
(52, 'HoneyDew', '#F0FFF0', 1, '2022-01-20 14:11:27.953866', '2022-01-20 14:11:27.953866', NULL),
(53, 'HotPink', '#FF69B4', 1, '2022-01-20 14:11:27.953866', '2022-01-20 14:11:27.953866', NULL),
(54, 'IndianRed', '#CD5C5C', 1, '2022-01-20 14:11:27.953866', '2022-01-20 14:11:27.953866', NULL),
(55, 'Indigo', '#4B0082', 1, '2022-01-20 14:11:27.953866', '2022-01-20 14:11:27.953866', NULL),
(56, 'Ivory', '#FFFFF0', 1, '2022-01-20 14:11:27.953866', '2022-01-20 14:11:27.953866', NULL),
(57, 'Khaki', '#F0E68C', 1, '2022-01-20 14:11:27.953866', '2022-01-20 14:11:27.953866', NULL),
(58, 'Lavender', '#E6E6FA', 1, '2022-01-20 14:11:27.953866', '2022-01-20 14:11:27.953866', NULL),
(59, 'LavenderBlush', '#FFF0F5', 1, '2022-01-20 14:11:27.953866', '2022-01-20 14:11:27.953866', NULL),
(60, 'LawnGreen', '#7CFC00', 1, '2022-01-20 14:11:27.953866', '2022-01-20 14:11:27.953866', NULL),
(61, 'LemonChiffon', '#FFFACD', 1, '2022-01-20 14:11:27.953866', '2022-01-20 14:11:27.953866', NULL),
(62, 'LightBlue', '#ADD8E6', 1, '2022-01-20 14:11:27.953866', '2022-01-20 14:11:27.953866', NULL),
(63, 'LightCoral', '#F08080', 1, '2022-01-20 14:11:27.953866', '2022-01-20 14:11:27.953866', NULL),
(64, 'LightCyan', '#E0FFFF', 1, '2022-01-20 14:11:27.953866', '2022-01-20 14:11:27.953866', NULL),
(65, 'LightGoldenRodYellow', '#FAFAD2', 1, '2022-01-20 14:11:27.953866', '2022-01-20 14:11:27.953866', NULL),
(66, 'LightGreen', '#90EE90', 1, '2022-01-20 14:11:27.953866', '2022-01-20 14:11:27.953866', NULL),
(67, 'LightGrey', '#D3D3D3', 1, '2022-01-20 14:11:27.953866', '2022-01-20 14:11:27.953866', NULL),
(68, 'LightPink', '#FFB6C1', 1, '2022-01-20 14:11:27.953866', '2022-01-20 14:11:27.953866', NULL),
(69, 'LightSalmon', '#FFA07A', 1, '2022-01-20 14:11:27.953866', '2022-01-20 14:11:27.953866', NULL),
(70, 'LightSeaGreen', '#20B2AA', 1, '2022-01-20 14:11:27.953866', '2022-01-20 14:11:27.953866', NULL),
(71, 'LightSkyBlue', '#87CEFA', 1, '2022-01-20 14:11:27.953866', '2022-01-20 14:11:27.953866', NULL),
(72, 'LightSlateGrey', '#778899', 1, '2022-01-20 14:11:27.953866', '2022-01-20 14:11:27.953866', NULL),
(73, 'LightSteelBlue', '#B0C4DE', 1, '2022-01-20 14:11:27.953866', '2022-01-20 14:11:27.953866', NULL),
(74, 'LightYellow', '#FFFFE0', 1, '2022-01-20 14:11:27.953866', '2022-01-20 14:11:27.953866', NULL),
(75, 'Lime', '#00FF00', 1, '2022-01-20 14:11:27.953866', '2022-01-20 14:11:27.953866', NULL),
(76, 'LimeGreen', '#32CD32', 1, '2022-01-20 14:11:27.953866', '2022-01-20 14:11:27.953866', NULL),
(77, 'Linen', '#FAF0E6', 1, '2022-01-20 14:11:27.953866', '2022-01-20 14:11:27.953866', NULL),
(78, 'Magenta', '#FF00FF', 1, '2022-01-20 14:11:27.953866', '2022-01-20 14:11:27.953866', NULL),
(79, 'Maroon', '#800000', 1, '2022-01-20 14:11:27.953866', '2022-01-20 14:11:27.953866', NULL),
(80, 'MediumAquaMarine', '#66CDAA', 1, '2022-01-20 14:11:27.953866', '2022-01-20 14:11:27.953866', NULL),
(81, 'MediumBlue', '#0000CD', 1, '2022-01-20 14:11:27.953866', '2022-01-20 14:11:27.953866', NULL),
(82, 'MediumOrchid', '#BA55D3', 1, '2022-01-20 14:11:27.953866', '2022-01-20 14:11:27.953866', NULL),
(83, 'MediumPurple', '#9370DB', 1, '2022-01-20 14:11:27.953866', '2022-01-20 14:11:27.953866', NULL),
(84, 'MediumSeaGreen', '#3CB371', 1, '2022-01-20 14:11:27.953866', '2022-01-20 14:11:27.953866', NULL),
(85, 'MediumSlateBlue', '#7B68EE', 1, '2022-01-20 14:11:27.953866', '2022-01-20 14:11:27.953866', NULL),
(86, 'MediumSpringGreen', '#00FA9A', 1, '2022-01-20 14:11:27.953866', '2022-01-20 14:11:27.953866', NULL),
(87, 'MediumTurquoise', '#48D1CC', 1, '2022-01-20 14:11:27.953866', '2022-01-20 14:11:27.953866', NULL),
(88, 'MediumVioletRed', '#C71585', 1, '2022-01-20 14:11:27.953866', '2022-01-20 14:11:27.953866', NULL),
(89, 'MidnightBlue', '#191970', 1, '2022-01-20 14:11:27.953866', '2022-01-20 14:11:27.953866', NULL),
(90, 'MintCream', '#F5FFFA', 1, '2022-01-20 14:11:27.953866', '2022-01-20 14:11:27.953866', NULL),
(91, 'MistyRose', '#FFE4E1', 1, '2022-01-20 14:11:27.953866', '2022-01-20 14:11:27.953866', NULL),
(92, 'Moccasin', '#FFE4B5', 1, '2022-01-20 14:11:27.953866', '2022-01-20 14:11:27.953866', NULL),
(93, 'NavajoWhite', '#FFDEAD', 1, '2022-01-20 14:11:27.953866', '2022-01-20 14:11:27.953866', NULL),
(94, 'Navy', '#000080', 1, '2022-01-20 14:11:27.953866', '2022-01-20 14:11:27.953866', NULL),
(95, 'OldLace', '#FDF5E6', 1, '2022-01-20 14:11:27.953866', '2022-01-20 14:11:27.953866', NULL),
(96, 'Olive', '#808000', 1, '2022-01-20 14:11:27.953866', '2022-01-20 14:11:27.953866', NULL),
(97, 'OliveDrab', '#6B8E23', 1, '2022-01-20 14:11:27.953866', '2022-01-20 14:11:27.953866', NULL),
(98, 'Orange', '#FFA500', 1, '2022-01-20 14:11:27.953866', '2022-01-20 14:11:27.953866', NULL),
(99, 'OrangeRed', '#FF4500', 1, '2022-01-20 14:11:27.953866', '2022-01-20 14:11:27.953866', NULL),
(100, 'Orchid', '#DA70D6', 1, '2022-01-20 14:11:27.953866', '2022-01-20 14:11:27.953866', NULL),
(101, 'PaleGoldenRod', '#EEE8AA', 1, '2022-01-20 14:11:27.953866', '2022-01-20 14:11:27.953866', NULL),
(102, 'PaleGreen', '#98FB98', 1, '2022-01-20 14:11:27.953866', '2022-01-20 14:11:27.953866', NULL),
(103, 'PaleTurquoise', '#AFEEEE', 1, '2022-01-20 14:11:27.953866', '2022-01-20 14:11:27.953866', NULL),
(104, 'PaleVioletRed', '#DB7093', 1, '2022-01-20 14:11:27.953866', '2022-01-20 14:11:27.953866', NULL),
(105, 'PapayaWhip', '#FFEFD5', 1, '2022-01-20 14:11:27.953866', '2022-01-20 14:11:27.953866', NULL),
(106, 'PeachPuff', '#FFDAB9', 1, '2022-01-20 14:11:27.953866', '2022-01-20 14:11:27.953866', NULL),
(107, 'Peru', '#CD853F', 1, '2022-01-20 14:11:27.953866', '2022-01-20 14:11:27.953866', NULL),
(108, 'Pink', '#FFC0CB', 1, '2022-01-20 14:11:27.953866', '2022-01-20 14:11:27.953866', NULL),
(109, 'Plum', '#DDA0DD', 1, '2022-01-20 14:11:27.953866', '2022-01-20 14:11:27.953866', NULL),
(110, 'PowderBlue', '#B0E0E6', 1, '2022-01-20 14:11:27.953866', '2022-01-20 14:11:27.953866', NULL),
(111, 'Purple', '#800080', 1, '2022-01-20 14:11:27.953866', '2022-01-20 14:11:27.953866', NULL),
(112, 'RebeccaPurple', '#663399', 1, '2022-01-20 14:11:27.953866', '2022-01-20 14:11:27.953866', NULL),
(113, 'Red', '#FF0000', 1, '2022-01-20 14:11:27.953866', '2022-01-20 14:11:27.953866', NULL),
(114, 'RosyBrown', '#BC8F8F', 1, '2022-01-20 14:11:27.953866', '2022-01-20 14:11:27.953866', NULL),
(115, 'RoyalBlue', '#4169E1', 1, '2022-01-20 14:11:27.953866', '2022-01-20 14:11:27.953866', NULL),
(116, 'SaddleBrown', '#8B4513', 1, '2022-01-20 14:11:27.953866', '2022-01-20 14:11:27.953866', NULL),
(117, 'Salmon', '#FA8072', 1, '2022-01-20 14:11:27.953866', '2022-01-20 14:11:27.953866', NULL),
(118, 'SandyBrown', '#F4A460', 1, '2022-01-20 14:11:27.953866', '2022-01-20 14:11:27.953866', NULL),
(119, 'SeaGreen', '#2E8B57', 1, '2022-01-20 14:11:27.953866', '2022-01-20 14:11:27.953866', NULL),
(120, 'SeaShell', '#FFF5EE', 1, '2022-01-20 14:11:27.953866', '2022-01-20 14:11:27.953866', NULL),
(121, 'Sienna', '#A0522D', 1, '2022-01-20 14:11:27.953866', '2022-01-20 14:11:27.953866', NULL),
(122, 'Silver', '#C0C0C0', 1, '2022-01-20 14:11:27.953866', '2022-01-20 14:11:27.953866', NULL),
(123, 'SkyBlue', '#87CEEB', 1, '2022-01-20 14:11:27.953866', '2022-01-20 14:11:27.953866', NULL),
(124, 'SlateBlue', '#6A5ACD', 1, '2022-01-20 14:11:27.953866', '2022-01-20 14:11:27.953866', NULL),
(125, 'SlateGrey', '#708090', 1, '2022-01-20 14:11:27.953866', '2022-01-20 14:11:27.953866', NULL),
(126, 'Snow', '#FFFAFA', 1, '2022-01-20 14:11:27.953866', '2022-01-20 14:11:27.953866', NULL),
(127, 'SpringGreen', '#00FF7F', 1, '2022-01-20 14:11:27.953866', '2022-01-20 14:11:27.953866', NULL),
(128, 'SteelBlue', '#4682B4', 1, '2022-01-20 14:11:27.953866', '2022-01-20 14:11:27.953866', NULL),
(129, 'Tan', '#D2B48C', 1, '2022-01-20 14:11:27.953866', '2022-01-20 14:11:27.953866', NULL),
(130, 'Teal', '#008080', 1, '2022-01-20 14:11:27.953866', '2022-01-20 14:11:27.953866', NULL),
(131, 'Thistle', '#D8BFD8', 1, '2022-01-20 14:11:27.953866', '2022-01-20 14:11:27.953866', NULL),
(132, 'Tomato', '#FF6347', 1, '2022-01-20 14:11:27.953866', '2022-01-20 14:11:27.953866', NULL),
(133, 'Turquoise', '#40E0D0', 1, '2022-01-20 14:11:27.953866', '2022-01-20 14:11:27.953866', NULL),
(134, 'Violet', '#EE82EE', 1, '2022-01-20 14:11:27.953866', '2022-01-20 14:11:27.953866', NULL),
(135, 'Wheat', '#F5DEB3', 1, '2022-01-20 14:11:27.953866', '2022-01-20 14:11:27.953866', NULL),
(136, 'White', '#FFFFFF', 1, '2022-01-20 14:11:27.953866', '2022-01-20 14:11:27.953866', NULL),
(137, 'WhiteSmoke', '#F5F5F5', 1, '2022-01-20 14:11:27.953866', '2022-01-20 14:11:27.953866', NULL),
(138, 'Yellow', '#FFFF00', 1, '2022-01-20 14:11:27.953866', '2022-01-20 14:11:27.953866', NULL),
(139, 'YellowGreen', '#9ACD32', 1, '2022-01-20 14:11:27.953866', '2022-01-20 14:11:27.953866', NULL);

-- --------------------------------------------------------

--
-- Table structure for table `tbl_favorite`
--

CREATE TABLE `tbl_favorite` (
  `id_favorite` int(11) NOT NULL,
  `favorite_status` int(11) NOT NULL DEFAULT 1,
  `user_id` int(11) DEFAULT NULL,
  `wallpaper_id` int(11) DEFAULT NULL,
  `create_at` datetime(6) NOT NULL DEFAULT current_timestamp(6),
  `update_at` datetime(6) NOT NULL DEFAULT current_timestamp(6) ON UPDATE current_timestamp(6),
  `delete_at` datetime(6) DEFAULT NULL
) ENGINE=InnoDB DEFAULT CHARSET=latin1;

--
-- Dumping data for table `tbl_favorite`
--

INSERT INTO `tbl_favorite` (`id_favorite`, `favorite_status`, `user_id`, `wallpaper_id`, `create_at`, `update_at`, `delete_at`) VALUES
(1, 1, 1, 2, '2022-01-15 22:24:07.538000', '2022-01-20 14:25:37.000000', NULL),
(2, 1, 1, 2, '2022-01-15 22:28:43.101159', '2022-01-16 22:01:29.712718', NULL),
(3, 1, 1, 2, '2022-01-15 22:29:35.849085', '2022-01-16 22:01:29.712718', NULL),
(4, 1, 4, 4, '2022-01-15 22:29:35.862417', '2022-01-20 14:26:17.000000', NULL),
(5, 1, 1, 3, '2022-01-15 22:29:35.873565', '2022-01-16 22:01:29.712718', NULL),
(6, 1, 1, 7, '2022-01-15 22:29:35.882435', '2022-01-16 22:01:29.712718', NULL),
(7, 1, 1, 5, '2022-01-15 22:29:35.890875', '2022-01-16 22:01:29.712718', NULL),
(8, 1, 2, 9, '2022-01-15 22:29:35.900691', '2022-01-16 22:01:29.712718', NULL),
(9, 1, 1, 20, '2022-01-15 22:29:35.908923', '2022-01-16 22:01:29.712718', NULL),
(10, 1, 1, 102, '2022-01-15 22:29:35.920124', '2022-01-16 22:01:29.712718', NULL);

-- --------------------------------------------------------

--
-- Table structure for table `tbl_rating`
--

CREATE TABLE `tbl_rating` (
  `id_rating` int(11) NOT NULL,
  `rating_star` int(11) NOT NULL DEFAULT 0,
  `rating_status` int(11) NOT NULL DEFAULT 1,
  `user_id` int(11) DEFAULT NULL,
  `wallpaper_id` int(11) DEFAULT NULL,
  `create_at` datetime(6) NOT NULL DEFAULT current_timestamp(6),
  `update_at` datetime(6) NOT NULL DEFAULT current_timestamp(6) ON UPDATE current_timestamp(6),
  `delete_at` datetime(6) DEFAULT NULL
) ENGINE=InnoDB DEFAULT CHARSET=utf8;

--
-- Dumping data for table `tbl_rating`
--

INSERT INTO `tbl_rating` (`id_rating`, `rating_star`, `rating_status`, `user_id`, `wallpaper_id`, `create_at`, `update_at`, `delete_at`) VALUES
(1, 5, 1, 1, 1, '2022-01-16 19:07:11.217638', '2022-01-16 19:30:42.000000', NULL),
(2, 3, 1, 2, 1, '2022-01-16 19:07:11.217638', '2022-01-16 19:07:11.217638', NULL),
(3, 5, 1, 3, 2, '2022-01-16 19:07:11.217638', '2022-01-16 19:07:11.217638', NULL),
(4, 4, 1, 2, 1, '2022-01-16 19:07:11.217638', '2022-01-16 19:07:11.217638', NULL),
(5, 2, 1, 3, 1, '2022-01-16 19:07:11.217638', '2022-01-16 19:07:11.217638', NULL),
(6, 0, 1, 1, 2, '2022-01-16 19:07:11.217638', '2022-01-16 19:07:11.217638', NULL),
(7, 1, 1, 1, 3, '2022-01-16 19:07:11.217638', '2022-01-16 19:07:11.217638', NULL),
(8, 0, 1, 1, 4, '2022-01-16 19:07:11.217638', '2022-01-16 19:07:11.217638', NULL);

-- --------------------------------------------------------

--
-- Table structure for table `tbl_user`
--

CREATE TABLE `tbl_user` (
  `id_user` int(11) NOT NULL,
  `user_name` varchar(255) NOT NULL,
  `user_username` varchar(255) NOT NULL,
  `user_email` varchar(255) NOT NULL,
  `user_password` varchar(255) NOT NULL,
  `user_phone` varchar(255) NOT NULL,
  `user_type` varchar(255) NOT NULL DEFAULT 'User',
  `user_image` varchar(255) NOT NULL DEFAULT 'profile.png',
  `user_status` int(11) NOT NULL DEFAULT 0,
  `create_at` datetime(6) NOT NULL DEFAULT current_timestamp(6),
  `update_at` datetime(6) NOT NULL DEFAULT current_timestamp(6) ON UPDATE current_timestamp(6),
  `delete_at` datetime(6) DEFAULT NULL
) ENGINE=InnoDB DEFAULT CHARSET=utf8;

--
-- Dumping data for table `tbl_user`
--

INSERT INTO `tbl_user` (`id_user`, `user_name`, `user_username`, `user_email`, `user_password`, `user_phone`, `user_type`, `user_image`, `user_status`, `create_at`, `update_at`, `delete_at`) VALUES
(1, 'Robert Barathion', 'the.king', 'support@domain.com', '$2b$10$bDk49GOZyjnvpn6qR4ixU.qLfhGk4Pl2Kp1t9mku5B78OAx22CG/K', '+212 600 000 000', 'Admin', 'profile.png', 1, '2022-01-15 21:43:16.924000', '2022-01-18 18:07:31.774258', NULL),
(2, 'John Doe', 'john.doe', 'john.doe@gmail.com', '$2b$10$loN9aN0GHUIt7JorMXBabeMIJe0ohkQUDBjHm.dRxGmecB4Qk8wIi', '+212 600 000 000', 'User', 'profile.png', 1, '2022-01-15 21:51:24.933097', '2022-01-18 18:07:15.000000', NULL),
(3, 'Jean Doe', 'jean.doe', 'jean.doe@gmail.com', '$2b$10$uhKhSc.lMycangy.jRGsnuCmfVfCeUKwdFjbT/tSL1kwEnbffSyl6', '+212 600 000 000', 'User', 'profile.png', 1, '2022-01-15 23:14:13.265035', '2022-01-18 18:07:03.068176', NULL),
(4, 'Jon Snow', 'jon.snow', 'jon.snow@gmail.com', '$2b$10$U7XErvSrWXuAx77e7GQ3OO0u55Ws2xAu59gb9ASlCwsFdJikagUxS', '+212 600 000 000', 'User', 'profile.png', 1, '2022-01-18 15:49:41.650338', '2022-01-18 19:18:24.000000', NULL),
(5, 'Sansa Stark', 'sansa.stark', 'sansa.stark@gmail.com', '$2b$10$0kfXVLD5.N8ZkQ6CEXHocuQqlFl7FqSEtnK1JVGed4fLtxHnIiSWa', '+212 600 000 000', 'User', 'profile.png', 1, '2022-01-19 22:58:26.446735', '2022-01-19 22:58:26.446735', NULL);

-- --------------------------------------------------------

--
-- Table structure for table `tbl_wallpaper`
--

CREATE TABLE `tbl_wallpaper` (
  `id_wallpaper` int(11) NOT NULL,
  `wallpaper_image` varchar(255) NOT NULL,
  `wallpaper_featured` int(11) NOT NULL DEFAULT 0,
  `wallpaper_type` varchar(255) NOT NULL DEFAULT '''Portrait''',
  `wallpaper_tags` varchar(255) NOT NULL DEFAULT 'Wallpaper',
  `wallpaper_colors` varchar(255) NOT NULL,
  `wallpaper_status` int(11) NOT NULL DEFAULT 0,
  `category_id` int(11) DEFAULT NULL,
  `create_at` datetime(6) NOT NULL DEFAULT current_timestamp(6),
  `update_at` datetime(6) NOT NULL DEFAULT current_timestamp(6) ON UPDATE current_timestamp(6),
  `delete_at` datetime(6) DEFAULT NULL
) ENGINE=InnoDB DEFAULT CHARSET=utf8;

--
-- Dumping data for table `tbl_wallpaper`
--

INSERT INTO `tbl_wallpaper` (`id_wallpaper`, `wallpaper_image`, `wallpaper_featured`, `wallpaper_type`, `wallpaper_tags`, `wallpaper_colors`, `wallpaper_status`, `category_id`, `create_at`, `update_at`, `delete_at`) VALUES
(1, '58349_829200.jpg', 1, 'Portrait', 'Batman', '', 1, 1, '2022-01-15 19:00:06.907307', '2022-01-16 21:16:59.218363', NULL),
(2, '87861_batman-cyberpunk-x-w7-1080x1920.jpg', 1, 'Portrait', 'Batman', '', 1, 1, '2022-01-15 19:00:06.907307', '2022-01-16 21:15:22.249593', NULL),
(3, '70669_batman-dark-superhero-4k-nm-1080x1920.jpg', 1, 'Portrait', 'Batman', '', 1, 1, '2022-01-15 19:00:06.907307', '2022-01-16 21:15:22.249593', NULL),
(4, '15957_batman-flashpoint-4k-1m-1080x1920.jpg', 1, 'Portrait', 'Batman', '', 1, 1, '2022-01-15 19:00:06.907307', '2022-01-16 21:15:22.249593', NULL),
(5, '11343_batman-michael-keaton-4k-en-1080x1920.jpg', 1, 'Portrait', 'Batman', '', 1, 1, '2022-01-15 19:00:06.907307', '2022-01-16 21:15:22.249593', NULL),
(6, '49430_superman-batman-4k-monochrome-xd-1080x1920.jpg', 1, 'Portrait', 'Batman', '', 1, 1, '2022-01-15 19:00:06.907307', '2022-01-16 21:15:22.249593', NULL),
(7, '78385_the-batman-beyond-4k-nl-1080x1920.jpg', 1, 'Portrait', 'Batman', '', 1, 1, '2022-01-15 19:00:06.907307', '2022-01-16 21:15:22.249593', NULL),
(8, '79586_5k-batman-h2-1080x1920.jpg', 1, 'Portrait', 'Batman', '', 1, 1, '2022-01-15 19:00:06.907307', '2022-01-16 21:15:22.249593', NULL),
(9, '83616_art-batman-bats-64-1080x1920.jpg', 1, 'Portrait', 'Batman', '', 1, 1, '2022-01-15 19:00:06.907307', '2022-01-16 21:15:22.249593', NULL),
(10, '8623_batman-back-10-1080x1920.jpg', 1, 'Portrait', 'Batman', '', 1, 1, '2022-01-15 19:00:06.907307', '2022-01-16 21:15:22.249593', NULL),
(11, '27027_batman-black-knight-0t-1080x1920.jpg', 1, 'Portrait', 'Batman', '', 1, 1, '2022-01-15 19:00:06.907307', '2022-01-16 21:15:22.249593', NULL),
(12, '26581_batman-christian-bale-4k-2020-sj-1080x1920.jpg', 1, 'Portrait', 'Batman', '', 1, 1, '2022-01-15 19:00:06.907307', '2022-01-16 21:15:22.249593', NULL),
(13, '50308_batman-dark-4k-4s-1080x1920.jpg', 1, 'Portrait', 'Batman', '', 1, 1, '2022-01-15 19:00:06.907307', '2022-01-16 21:15:22.249593', NULL),
(14, '94003_810505.jpg', 1, 'Portrait', 'Captain America', '', 1, 2, '2022-01-15 19:00:06.907307', '2022-01-16 21:15:22.249593', NULL),
(15, '29097_792887.jpg', 1, 'Portrait', 'Captain America', '', 1, 2, '2022-01-15 19:00:06.907307', '2022-01-16 21:15:22.249593', NULL),
(16, '73804_794363.jpg', 1, 'Portrait', 'Captain America', '', 1, 2, '2022-01-15 19:00:06.907307', '2022-01-16 21:15:22.249593', NULL),
(17, '11919_798693.png', 1, 'Portrait', 'Captain America', '', 1, 2, '2022-01-15 19:00:06.907307', '2022-01-16 21:15:22.249593', NULL),
(18, '84254_800213.jpg', 1, 'Portrait', 'Captain America', '', 1, 2, '2022-01-15 19:00:06.907307', '2022-01-16 21:15:22.249593', NULL),
(19, '58950_801898.jpg', 1, 'Portrait', 'Captain America', '', 1, 2, '2022-01-15 19:00:06.907307', '2022-01-16 21:15:22.249593', NULL),
(20, '45480_805512.png', 1, 'Portrait', 'Captain America', '', 1, 2, '2022-01-15 19:00:06.907307', '2022-01-16 21:15:22.249593', NULL),
(21, '80557_806558.jpg', 1, 'Portrait', 'Captain America', '', 1, 2, '2022-01-15 19:00:06.907307', '2022-01-16 21:15:22.249593', NULL),
(22, '38319_808332.jpg', 1, 'Portrait', 'Captain America', '', 1, 2, '2022-01-15 19:00:06.907307', '2022-01-16 21:15:22.249593', NULL),
(23, '92004_808420.jpg', 1, 'Portrait', 'Captain America', '', 1, 2, '2022-01-15 19:00:06.907307', '2022-01-16 21:15:22.249593', NULL),
(24, '44125_810188.jpg', 1, 'Portrait', 'Captain America', '', 1, 2, '2022-01-15 19:00:06.907307', '2022-01-16 21:15:22.249593', NULL),
(25, '72064_850215.jpg', 1, 'Portrait', 'Captain America', '', 1, 2, '2022-01-15 19:00:06.907307', '2022-01-16 21:15:22.249593', NULL),
(26, '68_817116.jpg', 1, 'Portrait', 'Captain America', '', 1, 2, '2022-01-15 19:00:06.907307', '2022-01-16 21:15:22.249593', NULL),
(27, '10258_818588.png', 1, 'Portrait', 'Captain America', '', 1, 2, '2022-01-15 19:00:06.907307', '2022-01-16 21:15:22.249593', NULL),
(28, '46803_823488.jpg', 1, 'Portrait', 'Captain America', '', 1, 2, '2022-01-15 19:00:06.907307', '2022-01-16 21:15:22.249593', NULL),
(29, '81063_829233.jpg', 1, 'Portrait', 'Captain America', '', 1, 2, '2022-01-15 19:00:06.907307', '2022-01-16 21:15:22.249593', NULL),
(30, '55336_830765.jpg', 1, 'Portrait', 'Captain America', '', 1, 2, '2022-01-15 19:00:06.907307', '2022-01-16 21:15:22.249593', NULL),
(31, '1989_843838.jpg', 1, 'Portrait', 'Captain America', '', 1, 2, '2022-01-15 19:00:06.907307', '2022-01-16 21:15:22.249593', NULL),
(32, '21933_845645.jpg', 1, 'Portrait', 'Captain America', '', 1, 2, '2022-01-15 19:00:06.907307', '2022-01-16 21:15:22.249593', NULL),
(33, '73405_845852.jpg', 1, 'Portrait', 'Captain America', '', 1, 2, '2022-01-15 19:00:06.907307', '2022-01-16 21:15:22.249593', NULL),
(34, '70063_846743.jpg', 1, 'Portrait', 'Captain America', '', 1, 2, '2022-01-15 19:00:06.907307', '2022-01-16 21:15:22.249593', NULL),
(35, '84336_848831.jpg', 1, 'Portrait', 'Captain America', '', 1, 2, '2022-01-15 19:00:06.907307', '2022-01-16 21:15:22.249593', NULL),
(36, '41984_superman-4kart-xb-1080x1920.jpg', 1, 'Portrait', 'Superman', '', 1, 3, '2022-01-15 19:00:06.907307', '2022-01-16 21:15:22.249593', NULL),
(37, '1930_superman-above-vv-1080x1920.jpg', 1, 'Portrait', 'Superman', '', 1, 3, '2022-01-15 19:00:06.907307', '2022-01-16 21:15:22.249593', NULL),
(38, '73465_superman-art-2020-u8-1080x1920.jpg', 1, 'Portrait', 'Superman', '', 1, 3, '2022-01-15 19:00:06.907307', '2022-01-16 21:15:22.249593', NULL),
(39, '98417_superman-brandon-routh-wj-1080x1920.jpg', 1, 'Portrait', 'Superman', '', 1, 3, '2022-01-15 19:00:06.907307', '2022-01-16 21:15:22.249593', NULL),
(40, '69265_superman-fly-above-ww-1080x1920.jpg', 1, 'Portrait', 'Superman', '', 1, 3, '2022-01-15 19:00:06.907307', '2022-01-16 21:15:22.249593', NULL),
(41, '30135_superman-logo-art-4k-dw-1080x1920.jpg', 1, 'Portrait', 'Superman', '', 1, 3, '2022-01-15 19:00:06.907307', '2022-01-16 21:15:22.249593', NULL),
(42, '43949_superman-man-of-steel-63-1080x1920.jpg', 1, 'Portrait', 'Superman', '', 1, 3, '2022-01-15 19:00:06.907307', '2022-01-16 21:15:22.249593', NULL),
(43, '884_superman-on-fullpower-oc-1080x1920.jpg', 1, 'Portrait', 'Superman', '', 1, 3, '2022-01-15 19:00:06.907307', '2022-01-16 21:15:22.249593', NULL),
(44, '84022_superman-portrait-4m-1080x1920.jpg', 1, 'Portrait', 'Superman', '', 1, 3, '2022-01-15 19:00:06.907307', '2022-01-16 21:15:22.249593', NULL),
(45, '53770_superman-red-cape-up-c4-1080x1920.jpg', 1, 'Portrait', 'Superman', '', 1, 3, '2022-01-15 19:00:06.907307', '2022-01-16 21:15:22.249593', NULL),
(46, '92720_superman-red-eye-bat-signal-0l-1080x1920.jpg', 1, 'Portrait', 'Superman', '', 1, 3, '2022-01-15 19:00:06.907307', '2022-01-16 21:15:22.249593', NULL),
(47, '91096_superman-up-4k-yq-1080x1920.jpg', 1, 'Portrait', 'Superman', '', 1, 3, '2022-01-15 19:00:06.907307', '2022-01-16 21:15:22.249593', NULL),
(48, '89721_superman-x-man-of-steel-4k-j2-1080x1920.jpg', 1, 'Portrait', 'Superman', '', 1, 3, '2022-01-15 19:00:06.907307', '2022-01-16 21:15:22.249593', NULL),
(49, '77935_batman-and-super-man-artwork-cu-1080x1920.jpg', 1, 'Portrait', 'Superman', '', 1, 3, '2022-01-15 19:00:06.907307', '2022-01-16 21:15:22.249593', NULL),
(50, '13115_man-of-steel-artwork-9l-1080x1920.jpg', 1, 'Portrait', 'Superman', '', 1, 3, '2022-01-15 19:00:06.907307', '2022-01-16 21:15:22.249593', NULL),
(51, '72090_superman-4k-2020-te-1080x1920.jpg', 1, 'Portrait', 'Superman', '', 1, 3, '2022-01-15 19:00:06.907307', '2022-01-16 21:15:22.249593', NULL),
(52, '60088_thor-vs-thanos-war-4k-81-1080x1920.jpg', 1, 'Portrait', 'Thor', '', 1, 4, '2022-01-15 19:00:06.907307', '2022-01-16 21:15:22.249593', NULL),
(53, '98309_4k-thor-thunder-r3-1080x1920.jpg', 1, 'Portrait', 'Thor', '', 1, 4, '2022-01-15 19:00:06.907307', '2022-01-16 21:15:22.249593', NULL),
(54, '86528_god-of-thunder-new-art-md-1080x1920.jpg', 1, 'Portrait', 'Thor', '', 1, 4, '2022-01-15 19:00:06.907307', '2022-01-16 21:15:22.249593', NULL),
(55, '30945_old-thor-digital-art-rc-1080x1920.jpg', 1, 'Portrait', 'Thor', '', 1, 4, '2022-01-15 19:00:06.907307', '2022-01-16 21:15:22.249593', NULL),
(56, '32600_strongest-avenger-md-1080x1920.jpg', 1, 'Portrait', 'Thor', '', 1, 4, '2022-01-15 19:00:06.907307', '2022-01-16 21:15:22.249593', NULL),
(57, '54376_thor-4k-2019-u1-1080x1920.jpg', 1, 'Portrait', 'Thor', '', 1, 4, '2022-01-15 19:00:06.907307', '2022-01-16 21:15:22.249593', NULL),
(58, '4838_thor-4k-art-new-kr-1080x1920.jpg', 1, 'Portrait', 'Thor', '', 1, 4, '2022-01-15 19:00:06.907307', '2022-01-16 21:15:22.249593', NULL),
(59, '9056_thor-4karts-ue-1080x1920.jpg', 1, 'Portrait', 'Thor', '', 1, 4, '2022-01-15 19:00:06.907307', '2022-01-16 21:15:22.249593', NULL),
(60, '64379_thor-avengers-endgame-4k-minimalism-r9-1080x1920.jpg', 1, 'Portrait', 'Thor', '', 1, 4, '2022-01-15 19:00:06.907307', '2022-01-16 21:15:22.249593', NULL),
(61, '61865_thor-beard-fa-1080x1920.jpg', 1, 'Portrait', 'Thor', '', 1, 4, '2022-01-15 19:00:06.907307', '2022-01-16 21:15:22.249593', NULL),
(62, '21991_thor-infinity-war-iw-1080x1920.jpg', 1, 'Portrait', 'Thor', '', 1, 4, '2022-01-15 19:00:06.907307', '2022-01-16 21:15:22.249593', NULL),
(63, '84593_thor-love-and-thunder-2021-4k-13-1080x1920.jpg', 1, 'Portrait', 'Thor', '', 1, 4, '2022-01-15 19:00:06.907307', '2022-01-16 21:15:22.249593', NULL),
(64, '98085_thor-minimal-design-1d-1080x1920.jpg', 1, 'Portrait', 'Thor', '', 1, 4, '2022-01-15 19:00:06.907307', '2022-01-16 21:15:22.249593', NULL),
(65, '95776_thor-new-2q-1080x1920.jpg', 1, 'Portrait', 'Thor', '', 1, 4, '2022-01-15 19:00:06.907307', '2022-01-16 21:15:22.249593', NULL),
(66, '29250_thor-ragnarok-superhero-4k-9c-1080x1920.jpg', 1, 'Portrait', 'Thor', '', 1, 4, '2022-01-15 19:00:06.907307', '2022-01-16 21:15:22.249593', NULL),
(67, '5416_197234.jpg', 1, 'Portrait', 'Iron Man', '', 1, 5, '2022-01-15 19:00:06.907307', '2022-01-16 21:15:22.249593', NULL),
(68, '36630_230222.jpg', 1, 'Portrait', 'Iron Man', '', 1, 5, '2022-01-15 19:00:06.907307', '2022-01-16 21:15:22.249593', NULL),
(69, '51429_504585.jpg', 1, 'Portrait', 'Iron Man', '', 1, 5, '2022-01-15 19:00:06.907307', '2022-01-16 21:15:22.249593', NULL),
(70, '23785_736589.jpg', 1, 'Portrait', 'Iron Man', '', 1, 5, '2022-01-15 19:00:06.907307', '2022-01-16 21:15:22.249593', NULL),
(71, '80227_762542.jpg', 1, 'Portrait', 'Iron Man', '', 1, 5, '2022-01-15 19:00:06.907307', '2022-01-16 21:15:22.249593', NULL),
(72, '62630_786605.jpg', 1, 'Portrait', 'Iron Man', '', 1, 5, '2022-01-15 19:00:06.907307', '2022-01-16 21:15:22.249593', NULL),
(73, '73337_786845.jpg', 1, 'Portrait', 'Iron Man', '', 1, 5, '2022-01-15 19:00:06.907307', '2022-01-16 21:15:22.249593', NULL),
(74, '22931_787842.jpg', 1, 'Portrait', 'Iron Man', '', 1, 5, '2022-01-15 19:00:06.907307', '2022-01-16 21:15:22.249593', NULL),
(75, '9093_788045.jpg', 1, 'Portrait', 'Iron Man', '', 1, 5, '2022-01-15 19:00:06.907307', '2022-01-16 21:15:22.249593', NULL),
(76, '48188_793566.jpg', 1, 'Portrait', 'Iron Man', '', 1, 5, '2022-01-15 19:00:06.907307', '2022-01-16 21:15:22.249593', NULL),
(77, '40972_800147.png', 1, 'Portrait', 'Iron Man', '', 1, 5, '2022-01-15 19:00:06.907307', '2022-01-16 21:15:22.249593', NULL),
(78, '15518_804642.png', 1, 'Portrait', 'Iron Man', '', 1, 5, '2022-01-15 19:00:06.907307', '2022-01-16 21:15:22.249593', NULL),
(79, '53411_805692.png', 1, 'Portrait', 'Iron Man', '', 1, 5, '2022-01-15 19:00:06.907307', '2022-01-16 21:15:22.249593', NULL),
(80, '59016_821528.jpg', 1, 'Portrait', 'Iron Man', '', 1, 5, '2022-01-15 19:00:06.907307', '2022-01-16 21:15:22.249593', NULL),
(81, '53215_824693.jpg', 1, 'Portrait', 'Iron Man', '', 1, 5, '2022-01-15 19:00:06.907307', '2022-01-16 21:15:22.249593', NULL),
(82, '78298_824875.jpg', 1, 'Portrait', 'Iron Man', '', 1, 5, '2022-01-15 19:00:06.907307', '2022-01-16 21:15:22.249593', NULL),
(83, '28543_828568.jpg', 1, 'Portrait', 'Iron Man', '', 1, 5, '2022-01-15 19:00:06.907307', '2022-01-16 21:15:22.249593', NULL),
(84, '2675_836602.jpg', 1, 'Portrait', 'Iron Man', '', 1, 5, '2022-01-15 19:00:06.907307', '2022-01-16 21:15:22.249593', NULL),
(85, '58645_842052.jpg', 1, 'Portrait', 'Iron Man', '', 1, 5, '2022-01-15 19:00:06.907307', '2022-01-16 21:15:22.249593', NULL),
(86, '2274_844582.jpg', 1, 'Portrait', 'Iron Man', '', 1, 5, '2022-01-15 19:00:06.907307', '2022-01-16 21:15:22.249593', NULL),
(87, '14578_858802.jpg', 1, 'Portrait', 'Iron Man', '', 1, 5, '2022-01-15 19:00:06.907307', '2022-01-16 21:15:22.249593', NULL),
(88, '88196_845609.jpg', 1, 'Portrait', 'Iron Man', '', 1, 5, '2022-01-15 19:00:06.907307', '2022-01-16 21:15:22.249593', NULL),
(89, '7197_684432.jpg', 1, 'Portrait', 'Wonder Woman', '', 1, 6, '2022-01-15 19:00:06.907307', '2022-01-16 21:15:22.249593', NULL),
(90, '79671_706314.jpg', 1, 'Portrait', 'Wonder Woman', '', 1, 6, '2022-01-15 19:00:06.907307', '2022-01-16 21:15:22.249593', NULL),
(91, '43225_762347.jpg', 1, 'Portrait', 'Wonder Woman', '', 1, 6, '2022-01-15 19:00:06.907307', '2022-01-16 21:15:22.249593', NULL),
(92, '39829_782691.jpg', 1, 'Portrait', 'Wonder Woman', '', 1, 6, '2022-01-15 19:00:06.907307', '2022-01-16 21:15:22.249593', NULL),
(93, '83930_810714.jpg', 1, 'Portrait', 'Wonder Woman', '', 1, 6, '2022-01-15 19:00:06.907307', '2022-01-16 21:15:22.249593', NULL),
(94, '3853_813348.jpg', 1, 'Portrait', 'Wonder Woman', '', 1, 6, '2022-01-15 19:00:06.907307', '2022-01-16 21:15:22.249593', NULL),
(95, '85495_813349.png', 1, 'Portrait', 'Wonder Woman', '', 1, 6, '2022-01-15 19:00:06.907307', '2022-01-16 21:15:22.249593', NULL),
(96, '2705_813351.jpg', 1, 'Portrait', 'Wonder Woman', '', 1, 6, '2022-01-15 19:00:06.907307', '2022-01-16 21:15:22.249593', NULL),
(97, '94746_813374.jpg', 1, 'Portrait', 'Wonder Woman', '', 1, 6, '2022-01-15 19:00:06.907307', '2022-01-16 21:15:22.249593', NULL),
(98, '59877_813375.jpg', 1, 'Portrait', 'Wonder Woman', '', 1, 6, '2022-01-15 19:00:06.907307', '2022-01-16 21:15:22.249593', NULL),
(99, '12173_813378.jpg', 1, 'Portrait', 'Wonder Woman', '', 1, 6, '2022-01-15 19:00:06.907307', '2022-01-16 21:15:22.249593', NULL),
(100, '79797_842362.jpg', 1, 'Portrait', 'Wonder Woman', '', 1, 6, '2022-01-15 19:00:06.907307', '2022-01-16 21:15:22.249593', NULL),
(101, '59350_846009.jpg', 1, 'Portrait', 'Wonder Woman', '', 1, 6, '2022-01-15 19:00:06.907307', '2022-01-16 21:15:22.249593', NULL),
(102, '25642_847954.jpg', 1, 'Portrait', 'Wonder Woman', '', 1, 6, '2022-01-15 19:00:06.907307', '2022-01-16 21:15:22.249593', NULL),
(103, '70949_851735.jpg', 1, 'Portrait', 'Wonder Woman', '', 1, 6, '2022-01-15 19:00:06.907307', '2022-01-16 21:15:22.249593', NULL),
(104, '19276_856407.jpg', 1, 'Portrait', 'Wonder Woman', '', 1, 6, '2022-01-15 19:00:06.907307', '2022-01-16 21:15:22.249593', NULL),
(105, '64287_856433.jpg', 1, 'Portrait', 'Wonder Woman', '', 1, 6, '2022-01-15 19:00:06.907307', '2022-01-16 21:15:22.249593', NULL),
(106, '4661_857207.jpg', 1, 'Portrait', 'Wonder Woman', '', 1, 6, '2022-01-15 19:00:06.907307', '2022-01-16 21:15:22.249593', NULL),
(107, '27782_857624.jpg', 1, 'Portrait', 'Wonder Woman', '', 1, 6, '2022-01-15 19:00:06.907307', '2022-01-16 21:15:22.249593', NULL),
(108, '95217_857633.jpg', 1, 'Portrait', 'Wonder Woman', '', 1, 6, '2022-01-15 19:00:06.907307', '2022-01-16 21:15:22.249593', NULL),
(109, '71063_629928.jpg', 1, 'Portrait', 'Flash', '', 1, 7, '2022-01-15 19:00:06.907307', '2022-01-16 21:15:22.249593', NULL),
(110, '63173_659595.png', 1, 'Portrait', 'Flash', '', 1, 7, '2022-01-15 19:00:06.907307', '2022-01-16 21:15:22.249593', NULL),
(111, '5341_673428.png', 1, 'Portrait', 'Flash', '', 1, 7, '2022-01-15 19:00:06.907307', '2022-01-16 21:15:22.249593', NULL),
(112, '52642_684431.jpg', 1, 'Portrait', 'Flash', '', 1, 7, '2022-01-15 19:00:06.907307', '2022-01-16 21:15:22.249593', NULL),
(113, '69992_739869.jpg', 1, 'Portrait', 'Flash', '', 1, 7, '2022-01-15 19:00:06.907307', '2022-01-16 21:15:22.249593', NULL),
(114, '22263_744000.jpg', 1, 'Portrait', 'Flash', '', 1, 7, '2022-01-15 19:00:06.907307', '2022-01-16 21:15:22.249593', NULL),
(115, '53533_760386.jpg', 1, 'Portrait', 'Flash', '', 1, 7, '2022-01-15 19:00:06.907307', '2022-01-16 21:15:22.249593', NULL),
(116, '88185_761344.jpg', 1, 'Portrait', 'Flash', '', 1, 7, '2022-01-15 19:00:06.907307', '2022-01-16 21:15:22.249593', NULL),
(117, '12881_764319.jpg', 1, 'Portrait', 'Flash', '', 1, 7, '2022-01-15 19:00:06.907307', '2022-01-16 21:15:22.249593', NULL),
(118, '94716_766349.jpg', 1, 'Portrait', 'Flash', '', 1, 7, '2022-01-15 19:00:06.907307', '2022-01-16 21:15:22.249593', NULL),
(119, '74660_778118.jpg', 1, 'Portrait', 'Flash', '', 1, 7, '2022-01-15 19:00:06.907307', '2022-01-16 21:15:22.249593', NULL),
(120, '84292_781676.jpg', 1, 'Portrait', 'Flash', '', 1, 7, '2022-01-15 19:00:06.907307', '2022-01-16 21:15:22.249593', NULL),
(121, '65981_800792.jpg', 1, 'Portrait', 'Flash', '', 1, 7, '2022-01-15 19:00:06.907307', '2022-01-16 21:15:22.249593', NULL),
(122, '36447_802153.jpg', 1, 'Portrait', 'Flash', '', 1, 7, '2022-01-15 19:00:06.907307', '2022-01-16 21:15:22.249593', NULL),
(123, '81644_811942.png', 1, 'Portrait', 'Flash', '', 1, 7, '2022-01-15 19:00:06.907307', '2022-01-16 21:15:22.249593', NULL),
(124, '27102_832401.jpg', 1, 'Portrait', 'Flash', '', 1, 7, '2022-01-15 19:00:06.907307', '2022-01-16 21:15:22.249593', NULL),
(125, '33445_836756.jpg', 1, 'Portrait', 'Flash', '', 1, 7, '2022-01-15 19:00:06.907307', '2022-01-16 21:15:22.249593', NULL),
(126, '7131_88659.jpg', 1, 'Portrait', 'Flash', '', 1, 7, '2022-01-15 19:00:06.907307', '2022-01-16 21:15:22.249593', NULL),
(127, '81169_602777.jpg', 1, 'Portrait', 'Flash', '', 1, 7, '2022-01-15 19:00:06.907307', '2022-01-16 21:15:22.249593', NULL),
(128, '80971_609870.jpg', 1, 'Portrait', 'Flash', '', 1, 7, '2022-01-15 19:00:06.907307', '2022-01-16 21:15:22.249593', NULL),
(129, '2227_789935.jpg', 1, 'Portrait', 'Batman', '', 1, 1, '2022-01-15 19:00:06.907307', '2022-01-16 21:15:22.249593', NULL),
(130, '85307_824480.jpg', 1, 'Portrait', 'Batman', '', 1, 1, '2022-01-15 19:00:06.907307', '2022-01-16 21:15:22.249593', NULL),
(131, '94974_811798.jpg', 1, 'Portrait', 'Spider Man', '', 1, 8, '2022-01-15 19:00:06.907307', '2022-01-16 21:15:22.249593', NULL),
(132, '62618_820371.jpg', 1, 'Portrait', 'Spider Man', '', 1, 8, '2022-01-15 19:00:06.907307', '2022-01-16 21:15:22.249593', NULL),
(133, '13789_823093.png', 1, 'Portrait', 'Spider Man', '', 1, 8, '2022-01-15 19:00:06.907307', '2022-01-16 21:15:22.249593', NULL),
(134, '16133_828694.jpg', 1, 'Portrait', 'Spider Man', '', 1, 8, '2022-01-15 19:00:06.907307', '2022-01-16 21:15:22.249593', NULL),
(135, '1697_838014.jpg', 1, 'Portrait', 'Spider Man', '', 1, 8, '2022-01-15 19:00:06.907307', '2022-01-16 21:15:22.249593', NULL),
(136, '76109_838205.jpg', 1, 'Portrait', 'Spider Man', '', 1, 8, '2022-01-15 19:00:06.907307', '2022-01-16 21:15:22.249593', NULL),
(137, '1576_760140.jpg', 1, 'Portrait', 'Spider Man', '', 1, 8, '2022-01-15 19:00:06.907307', '2022-01-16 21:15:22.249593', NULL),
(138, '3368_761276.jpg', 1, 'Portrait', 'Spider Man', '', 1, 8, '2022-01-15 19:00:06.907307', '2022-01-16 21:15:22.249593', NULL),
(139, '62914_763224.jpg', 1, 'Portrait', 'Spider Man', '', 1, 8, '2022-01-15 19:00:06.907307', '2022-01-16 21:15:22.249593', NULL),
(140, '92275_769327.jpg', 1, 'Portrait', 'Spider Man', '', 1, 8, '2022-01-15 19:00:06.907307', '2022-01-16 21:15:22.249593', NULL),
(141, '54644_788195.jpg', 1, 'Portrait', 'Spider Man', '', 1, 8, '2022-01-15 19:00:06.907307', '2022-01-16 21:15:22.249593', NULL),
(142, '43060_789114.jpg', 1, 'Portrait', 'Spider Man', '', 1, 8, '2022-01-15 19:00:06.907307', '2022-01-16 21:15:22.249593', NULL),
(143, '27372_793704.jpg', 1, 'Portrait', 'Spider Man', '', 1, 8, '2022-01-15 19:00:06.907307', '2022-01-16 21:15:22.249593', NULL),
(144, '99442_798697.png', 1, 'Portrait', 'Spider Man', '', 1, 8, '2022-01-15 19:00:06.907307', '2022-01-16 21:15:22.249593', NULL),
(145, '21083_801238.jpg', 1, 'Portrait', 'Spider Man', '', 1, 8, '2022-01-15 19:00:06.907307', '2022-01-16 21:15:22.249593', NULL),
(146, '40213_802670.jpg', 1, 'Portrait', 'Spider Man', '', 1, 8, '2022-01-15 19:00:06.907307', '2022-01-16 21:15:22.249593', NULL),
(147, '52502_807410.jpg', 1, 'Portrait', 'Spider Man', '', 1, 8, '2022-01-15 19:00:06.907307', '2022-01-16 21:15:22.249593', NULL),
(148, '43801_856703.jpg', 1, 'Portrait', 'Spider Man', '', 1, 8, '2022-01-15 19:00:06.907307', '2022-01-16 21:15:22.249593', NULL),
(149, '17234_759183.jpg', 1, 'Portrait', 'Spider Man', '', 1, 8, '2022-01-15 19:00:06.907307', '2022-01-16 21:15:22.249593', NULL),
(150, '95343_789015.jpg', 1, 'Portrait', 'Spider Man', '', 1, 8, '2022-01-15 19:00:06.907307', '2022-01-16 21:15:22.249593', NULL),
(151, '20933_845075.jpg', 1, 'Portrait', 'Spider Man', '', 1, 8, '2022-01-15 19:00:06.907307', '2022-01-16 21:15:22.249593', NULL),
(152, '41045_849931.jpg', 1, 'Portrait', 'Spider Man', '', 1, 8, '2022-01-15 19:00:06.907307', '2022-01-16 21:15:22.249593', NULL),
(153, '30856_850297.jpg', 1, 'Portrait', 'Spider Man', '', 1, 8, '2022-01-15 19:00:06.907307', '2022-01-16 21:15:22.249593', NULL),
(154, '64401_851208.jpg', 1, 'Portrait', 'Spider Man', '', 1, 8, '2022-01-15 19:00:06.907307', '2022-01-16 21:15:22.249593', NULL),
(155, '86504_853425.jpg', 1, 'Portrait', 'Spider Man', '', 1, 8, '2022-01-15 19:00:06.907307', '2022-01-16 21:15:22.249593', NULL),
(156, '42421_856142.jpg', 1, 'Portrait', 'Spider Man', '', 1, 8, '2022-01-15 19:00:06.907307', '2022-01-16 21:15:22.249593', NULL),
(157, '73179_856702.jpg', 1, 'Portrait', 'Spider Man', '', 1, 8, '2022-01-15 19:00:06.907307', '2022-01-16 21:15:22.249593', NULL),
(158, '51126_785416.png', 1, 'Portrait', 'Spider Man', '', 1, 8, '2022-01-15 19:00:06.907307', '2022-01-16 21:15:22.249593', NULL),
(159, '35381_807411.jpg', 1, 'Portrait', 'Spider Man', '', 1, 8, '2022-01-15 19:00:06.907307', '2022-01-16 21:15:22.249593', NULL),
(160, '67796_811576.jpg', 1, 'Portrait', 'Spider Man', '', 1, 8, '2022-01-15 19:00:06.907307', '2022-01-16 21:15:22.249593', NULL),
(161, '54758_895032.jpg', 0, 'Portrait', 'Spider Man', '', 1, 8, '2022-01-15 19:00:06.907307', '2022-01-16 21:15:22.249593', NULL),
(165, 'new_wallpaper.jpg', 0, '\'Portrait\'', 'Wallpaper', '', 0, 10, '2022-01-20 20:22:28.934117', '2022-01-20 20:22:28.934117', NULL);

--
-- Indexes for dumped tables
--

--
-- Indexes for table `tbl_category`
--
ALTER TABLE `tbl_category`
  ADD PRIMARY KEY (`id_category`),
  ADD UNIQUE KEY `IDX_4e8915b591c5cb095f20996dd4` (`category_name`);

--
-- Indexes for table `tbl_color`
--
ALTER TABLE `tbl_color`
  ADD PRIMARY KEY (`id_color`),
  ADD UNIQUE KEY `IDX_79f73489b5ed7c7c1832d6ad78` (`color_code`);

--
-- Indexes for table `tbl_favorite`
--
ALTER TABLE `tbl_favorite`
  ADD PRIMARY KEY (`id_favorite`),
  ADD KEY `FK_389eb2e591591b6187cbdca11d8` (`user_id`),
  ADD KEY `FK_901c346fc3f4ddd7b6c9627590d` (`wallpaper_id`);

--
-- Indexes for table `tbl_rating`
--
ALTER TABLE `tbl_rating`
  ADD PRIMARY KEY (`id_rating`),
  ADD KEY `FK_b5ae4622b73da592c7beb9fa0bf` (`user_id`),
  ADD KEY `FK_9d484bd1a9e5d8d06b24dac79e5` (`wallpaper_id`);

--
-- Indexes for table `tbl_user`
--
ALTER TABLE `tbl_user`
  ADD PRIMARY KEY (`id_user`),
  ADD UNIQUE KEY `IDX_0347ceb8e0bef62029064fe049` (`user_email`),
  ADD UNIQUE KEY `IDX_0c679b821b03edaf207250e187` (`user_username`);

--
-- Indexes for table `tbl_wallpaper`
--
ALTER TABLE `tbl_wallpaper`
  ADD PRIMARY KEY (`id_wallpaper`),
  ADD KEY `FK_d96b3e0578ae91d5a90ae59f4f6` (`category_id`);

--
-- AUTO_INCREMENT for dumped tables
--

--
-- AUTO_INCREMENT for table `tbl_category`
--
ALTER TABLE `tbl_category`
  MODIFY `id_category` int(11) NOT NULL AUTO_INCREMENT, AUTO_INCREMENT=14;

--
-- AUTO_INCREMENT for table `tbl_color`
--
ALTER TABLE `tbl_color`
  MODIFY `id_color` int(11) NOT NULL AUTO_INCREMENT, AUTO_INCREMENT=140;

--
-- AUTO_INCREMENT for table `tbl_favorite`
--
ALTER TABLE `tbl_favorite`
  MODIFY `id_favorite` int(11) NOT NULL AUTO_INCREMENT, AUTO_INCREMENT=11;

--
-- AUTO_INCREMENT for table `tbl_rating`
--
ALTER TABLE `tbl_rating`
  MODIFY `id_rating` int(11) NOT NULL AUTO_INCREMENT, AUTO_INCREMENT=9;

--
-- AUTO_INCREMENT for table `tbl_user`
--
ALTER TABLE `tbl_user`
  MODIFY `id_user` int(11) NOT NULL AUTO_INCREMENT, AUTO_INCREMENT=6;

--
-- AUTO_INCREMENT for table `tbl_wallpaper`
--
ALTER TABLE `tbl_wallpaper`
  MODIFY `id_wallpaper` int(11) NOT NULL AUTO_INCREMENT, AUTO_INCREMENT=166;

--
-- Constraints for dumped tables
--

--
-- Constraints for table `tbl_favorite`
--
ALTER TABLE `tbl_favorite`
  ADD CONSTRAINT `FK_389eb2e591591b6187cbdca11d8` FOREIGN KEY (`user_id`) REFERENCES `tbl_user` (`id_user`) ON DELETE NO ACTION ON UPDATE NO ACTION,
  ADD CONSTRAINT `FK_901c346fc3f4ddd7b6c9627590d` FOREIGN KEY (`wallpaper_id`) REFERENCES `tbl_wallpaper` (`id_wallpaper`) ON DELETE NO ACTION ON UPDATE NO ACTION;

--
-- Constraints for table `tbl_rating`
--
ALTER TABLE `tbl_rating`
  ADD CONSTRAINT `FK_9d484bd1a9e5d8d06b24dac79e5` FOREIGN KEY (`wallpaper_id`) REFERENCES `tbl_wallpaper` (`id_wallpaper`) ON DELETE NO ACTION ON UPDATE NO ACTION,
  ADD CONSTRAINT `FK_b5ae4622b73da592c7beb9fa0bf` FOREIGN KEY (`user_id`) REFERENCES `tbl_user` (`id_user`) ON DELETE NO ACTION ON UPDATE NO ACTION;

--
-- Constraints for table `tbl_wallpaper`
--
ALTER TABLE `tbl_wallpaper`
  ADD CONSTRAINT `FK_d96b3e0578ae91d5a90ae59f4f6` FOREIGN KEY (`category_id`) REFERENCES `tbl_category` (`id_category`) ON DELETE NO ACTION ON UPDATE NO ACTION;
COMMIT;

/*!40101 SET CHARACTER_SET_CLIENT=@OLD_CHARACTER_SET_CLIENT */;
/*!40101 SET CHARACTER_SET_RESULTS=@OLD_CHARACTER_SET_RESULTS */;
/*!40101 SET COLLATION_CONNECTION=@OLD_COLLATION_CONNECTION */;
